{
    "0": {
        "precision": 0.5,
        "recall": 0.29411764705882354,
        "f1-score": 0.37037037037037035,
        "support": 17
    },
    "1": {
        "precision": 1.0,
        "recall": 0.047619047619047616,
        "f1-score": 0.0909090909090909,
        "support": 21
    },
    "2": {
        "precision": 0.0,
        "recall": 0.0,
        "f1-score": 0.0,
        "support": 7
    },
    "3": {
        "precision": 0.5909090909090909,
        "recall": 0.43333333333333335,
        "f1-score": 0.5,
        "support": 30
    },
    "4": {
        "precision": 0.20809248554913296,
        "recall": 0.9230769230769231,
        "f1-score": 0.339622641509434,
        "support": 39
    },
    "5": {
        "precision": 0.28421052631578947,
        "recall": 0.675,
        "f1-score": 0.39999999999999997,
        "support": 40
    },
    "6": {
        "precision": 0.782608695652174,
        "recall": 0.45,
        "f1-score": 0.5714285714285714,
        "support": 40
    },
    "7": {
        "precision": 0.49295774647887325,
        "recall": 0.3645833333333333,
        "f1-score": 0.4191616766467066,
        "support": 96
    },
    "8": {
        "precision": 0.2777777777777778,
        "recall": 0.6060606060606061,
        "f1-score": 0.380952380952381,
        "support": 33
    },
    "9": {
        "precision": 0.9444444444444444,
        "recall": 0.37777777777777777,
        "f1-score": 0.5396825396825397,
        "support": 45
    },
    "10": {
        "precision": 0.16666666666666666,
        "recall": 0.18181818181818182,
        "f1-score": 0.17391304347826086,
        "support": 11
    },
    "11": {
        "precision": 0.7319587628865979,
        "recall": 0.5461538461538461,
        "f1-score": 0.6255506607929514,
        "support": 130
    },
    "12": {
        "precision": 0.6666666666666666,
        "recall": 0.5,
        "f1-score": 0.5714285714285715,
        "support": 16
    },
    "13": {
        "precision": 0.0,
        "recall": 0.0,
        "f1-score": 0.0,
        "support": 1
    },
    "14": {
        "precision": 0.5,
        "recall": 0.04,
        "f1-score": 0.07407407407407407,
        "support": 25
    },
    "15": {
        "precision": 0.0,
        "recall": 0.0,
        "f1-score": 0.0,
        "support": 7
    },
    "16": {
        "precision": 0.0,
        "recall": 0.0,
        "f1-score": 0.0,
        "support": 14
    },
    "17": {
        "precision": 0.0,
        "recall": 0.0,
        "f1-score": 0.0,
        "support": 11
    },
    "18": {
        "precision": 0.36363636363636365,
        "recall": 0.26666666666666666,
        "f1-score": 0.30769230769230765,
        "support": 15
    },
    "19": {
        "precision": 0.5,
        "recall": 0.21428571428571427,
        "f1-score": 0.3,
        "support": 14
    },
    "20": {
        "precision": 0.0,
        "recall": 0.0,
        "f1-score": 0.0,
        "support": 9
    },
    "21": {
        "precision": 0.0,
        "recall": 0.0,
        "f1-score": 0.0,
        "support": 10
    },
    "22": {
        "precision": 0.16666666666666666,
        "recall": 0.125,
        "f1-score": 0.14285714285714288,
        "support": 8
    },
    "micro avg": {
        "precision": 0.4106583072100313,
        "recall": 0.41001564945226915,
        "f1-score": 0.4103367267032106,
        "support": 639
    },
    "macro avg": {
        "precision": 0.35550416928914097,
        "recall": 0.26284752509496756,
        "f1-score": 0.2525062205140175,
        "support": 639
    },
    "weighted avg": {
        "precision": 0.5179167086606924,
        "recall": 0.41001564945226915,
        "f1-score": 0.40155251491536775,
        "support": 639
    }
}