{
    "0": {
        "precision": 0.4559139784946237,
        "recall": 0.6229187071498531,
        "f1-score": 0.5264900662251655,
        "support": 1021
    },
    "1": {
        "precision": 0.7368421052631579,
        "recall": 0.35,
        "f1-score": 0.47457627118644063,
        "support": 40
    },
    "2": {
        "precision": 1.0,
        "recall": 0.1,
        "f1-score": 0.18181818181818182,
        "support": 40
    },
    "3": {
        "precision": 0.3333333333333333,
        "recall": 0.175,
        "f1-score": 0.22950819672131145,
        "support": 40
    },
    "4": {
        "precision": 0.7333333333333333,
        "recall": 0.55,
        "f1-score": 0.6285714285714286,
        "support": 40
    },
    "5": {
        "precision": 0.7777777777777778,
        "recall": 0.1794871794871795,
        "f1-score": 0.29166666666666663,
        "support": 39
    },
    "6": {
        "precision": 0.7272727272727273,
        "recall": 0.41025641025641024,
        "f1-score": 0.5245901639344261,
        "support": 39
    },
    "7": {
        "precision": 0.7727272727272727,
        "recall": 0.425,
        "f1-score": 0.5483870967741935,
        "support": 40
    },
    "8": {
        "precision": 1.0,
        "recall": 0.15384615384615385,
        "f1-score": 0.2666666666666667,
        "support": 39
    },
    "9": {
        "precision": 0.8,
        "recall": 0.4,
        "f1-score": 0.5333333333333333,
        "support": 40
    },
    "10": {
        "precision": 0.5454545454545454,
        "recall": 0.6153846153846154,
        "f1-score": 0.5783132530120482,
        "support": 39
    },
    "11": {
        "precision": 0.8055555555555556,
        "recall": 0.725,
        "f1-score": 0.7631578947368423,
        "support": 40
    },
    "12": {
        "precision": 0.6785714285714286,
        "recall": 0.48717948717948717,
        "f1-score": 0.5671641791044776,
        "support": 39
    },
    "13": {
        "precision": 0.8125,
        "recall": 0.6666666666666666,
        "f1-score": 0.7323943661971831,
        "support": 39
    },
    "14": {
        "precision": 0.7894736842105263,
        "recall": 0.375,
        "f1-score": 0.5084745762711864,
        "support": 40
    },
    "15": {
        "precision": 0.23529411764705882,
        "recall": 0.10526315789473684,
        "f1-score": 0.14545454545454545,
        "support": 38
    },
    "16": {
        "precision": 0.625,
        "recall": 0.38461538461538464,
        "f1-score": 0.4761904761904762,
        "support": 39
    },
    "17": {
        "precision": 0.5483870967741935,
        "recall": 0.425,
        "f1-score": 0.47887323943661964,
        "support": 40
    },
    "18": {
        "precision": 0.625,
        "recall": 0.375,
        "f1-score": 0.46875,
        "support": 40
    },
    "19": {
        "precision": 0.6451612903225806,
        "recall": 0.5,
        "f1-score": 0.5633802816901409,
        "support": 40
    },
    "20": {
        "precision": 0.875,
        "recall": 0.35,
        "f1-score": 0.4999999999999999,
        "support": 40
    },
    "21": {
        "precision": 1.0,
        "recall": 0.02631578947368421,
        "f1-score": 0.05128205128205127,
        "support": 38
    },
    "22": {
        "precision": 0.75,
        "recall": 0.45,
        "f1-score": 0.5625000000000001,
        "support": 40
    },
    "23": {
        "precision": 1.0,
        "recall": 0.025,
        "f1-score": 0.04878048780487806,
        "support": 40
    },
    "24": {
        "precision": 0.375,
        "recall": 0.075,
        "f1-score": 0.12499999999999999,
        "support": 40
    },
    "25": {
        "precision": 0.4117647058823529,
        "recall": 0.358974358974359,
        "f1-score": 0.3835616438356165,
        "support": 39
    },
    "26": {
        "precision": 1.0,
        "recall": 0.025,
        "f1-score": 0.04878048780487806,
        "support": 40
    },
    "27": {
        "precision": 0.6511627906976745,
        "recall": 0.717948717948718,
        "f1-score": 0.6829268292682927,
        "support": 39
    },
    "28": {
        "precision": 1.0,
        "recall": 0.1,
        "f1-score": 0.18181818181818182,
        "support": 40
    },
    "29": {
        "precision": 0.6,
        "recall": 0.075,
        "f1-score": 0.13333333333333333,
        "support": 40
    },
    "30": {
        "precision": 0.5127719962157048,
        "recall": 0.5910577971646674,
        "f1-score": 0.5491388044579534,
        "support": 917
    },
    "31": {
        "precision": 0.7692307692307693,
        "recall": 0.2702702702702703,
        "f1-score": 0.4,
        "support": 37
    },
    "32": {
        "precision": 1.0,
        "recall": 0.05,
        "f1-score": 0.09523809523809523,
        "support": 40
    },
    "33": {
        "precision": 0.6857142857142857,
        "recall": 0.6,
        "f1-score": 0.64,
        "support": 40
    },
    "34": {
        "precision": 0.0,
        "recall": 0.0,
        "f1-score": 0.0,
        "support": 40
    },
    "35": {
        "precision": 0.53125,
        "recall": 0.4473684210526316,
        "f1-score": 0.4857142857142857,
        "support": 38
    },
    "36": {
        "precision": 0.55,
        "recall": 0.28205128205128205,
        "f1-score": 0.3728813559322034,
        "support": 39
    },
    "37": {
        "precision": 0.6111111111111112,
        "recall": 0.55,
        "f1-score": 0.5789473684210527,
        "support": 40
    },
    "38": {
        "precision": 1.0,
        "recall": 0.8,
        "f1-score": 0.888888888888889,
        "support": 40
    },
    "39": {
        "precision": 0.8333333333333334,
        "recall": 0.125,
        "f1-score": 0.21739130434782608,
        "support": 40
    },
    "40": {
        "precision": 0.6428571428571429,
        "recall": 0.225,
        "f1-score": 0.33333333333333337,
        "support": 40
    },
    "41": {
        "precision": 0.663093415007657,
        "recall": 0.5017381228273464,
        "f1-score": 0.571240105540897,
        "support": 863
    },
    "42": {
        "precision": 0.8,
        "recall": 0.2,
        "f1-score": 0.32000000000000006,
        "support": 40
    },
    "43": {
        "precision": 0.6666666666666666,
        "recall": 0.41025641025641024,
        "f1-score": 0.5079365079365079,
        "support": 39
    },
    "44": {
        "precision": 0.6423357664233577,
        "recall": 0.41411764705882353,
        "f1-score": 0.5035765379113017,
        "support": 850
    },
    "45": {
        "precision": 0.48125633232016213,
        "recall": 0.5174291938997821,
        "f1-score": 0.4986876640419947,
        "support": 918
    },
    "46": {
        "precision": 0.30694354315379624,
        "recall": 0.5532163742690058,
        "f1-score": 0.39482470784641066,
        "support": 855
    },
    "47": {
        "precision": 0.6190476190476191,
        "recall": 0.325,
        "f1-score": 0.42622950819672134,
        "support": 40
    },
    "48": {
        "precision": 0.5555555555555556,
        "recall": 0.1282051282051282,
        "f1-score": 0.20833333333333334,
        "support": 39
    },
    "49": {
        "precision": 0.625,
        "recall": 0.25,
        "f1-score": 0.35714285714285715,
        "support": 40
    },
    "50": {
        "precision": 0.25,
        "recall": 0.02564102564102564,
        "f1-score": 0.04651162790697674,
        "support": 39
    },
    "51": {
        "precision": 0.7441860465116279,
        "recall": 0.8205128205128205,
        "f1-score": 0.7804878048780488,
        "support": 39
    },
    "52": {
        "precision": 0.3711139896373057,
        "recall": 0.6194594594594595,
        "f1-score": 0.46415552855407044,
        "support": 925
    },
    "53": {
        "precision": 0.533498759305211,
        "recall": 0.5180722891566265,
        "f1-score": 0.5256723716381418,
        "support": 830
    },
    "54": {
        "precision": 0.6298342541436464,