{
    "0": {
        "precision": 0.5054945054945055,
        "recall": 0.49510763209393344,
        "f1-score": 0.500247157686604,
        "support": 1022
    },
    "1": {
        "precision": 0.6666666666666666,
        "recall": 0.35,
        "f1-score": 0.4590163934426229,
        "support": 40
    },
    "2": {
        "precision": 0.8333333333333334,
        "recall": 0.125,
        "f1-score": 0.21739130434782608,
        "support": 40
    },
    "3": {
        "precision": 0.4,
        "recall": 0.21621621621621623,
        "f1-score": 0.2807017543859649,
        "support": 37
    },
    "4": {
        "precision": 0.7241379310344828,
        "recall": 0.525,
        "f1-score": 0.6086956521739131,
        "support": 40
    },
    "5": {
        "precision": 0.5,
        "recall": 0.10256410256410256,
        "f1-score": 0.1702127659574468,
        "support": 39
    },
    "6": {
        "precision": 0.3076923076923077,
        "recall": 0.10526315789473684,
        "f1-score": 0.1568627450980392,
        "support": 38
    },
    "7": {
        "precision": 0.76,
        "recall": 0.475,
        "f1-score": 0.5846153846153846,
        "support": 40
    },
    "8": {
        "precision": 0.75,
        "recall": 0.23684210526315788,
        "f1-score": 0.36,
        "support": 38
    },
    "9": {
        "precision": 0.8333333333333334,
        "recall": 0.38461538461538464,
        "f1-score": 0.5263157894736842,
        "support": 39
    },
    "10": {
        "precision": 0.7894736842105263,
        "recall": 0.38461538461538464,
        "f1-score": 0.5172413793103449,
        "support": 39
    },
    "11": {
        "precision": 0.58,
        "recall": 0.725,
        "f1-score": 0.6444444444444445,
        "support": 40
    },
    "12": {
        "precision": 0.5555555555555556,
        "recall": 0.2631578947368421,
        "f1-score": 0.35714285714285715,
        "support": 38
    },
    "13": {
        "precision": 0.85,
        "recall": 0.425,
        "f1-score": 0.5666666666666667,
        "support": 40
    },
    "14": {
        "precision": 0.6666666666666666,
        "recall": 0.4,
        "f1-score": 0.5,
        "support": 40
    },
    "15": {
        "precision": 0.2777777777777778,
        "recall": 0.125,
        "f1-score": 0.1724137931034483,
        "support": 40
    },
    "16": {
        "precision": 0.7333333333333333,
        "recall": 0.275,
        "f1-score": 0.4,
        "support": 40
    },
    "17": {
        "precision": 0.6666666666666666,
        "recall": 0.3076923076923077,
        "f1-score": 0.42105263157894735,
        "support": 39
    },
    "18": {
        "precision": 0.6428571428571429,
        "recall": 0.225,
        "f1-score": 0.33333333333333337,
        "support": 40
    },
    "19": {
        "precision": 0.4642857142857143,
        "recall": 0.325,
        "f1-score": 0.3823529411764706,
        "support": 40
    },
    "20": {
        "precision": 0.9473684210526315,
        "recall": 0.45,
        "f1-score": 0.6101694915254237,
        "support": 40
    },
    "21": {
        "precision": 0.25,
        "recall": 0.025,
        "f1-score": 0.045454545454545456,
        "support": 40
    },
    "22": {
        "precision": 0.7647058823529411,
        "recall": 0.325,
        "f1-score": 0.456140350877193,
        "support": 40
    },
    "23": {
        "precision": 1.0,
        "recall": 0.075,
        "f1-score": 0.13953488372093023,
        "support": 40
    },
    "24": {
        "precision": 0.0,
        "recall": 0.0,
        "f1-score": 0.0,
        "support": 40
    },
    "25": {
        "precision": 0.3333333333333333,
        "recall": 0.1,
        "f1-score": 0.15384615384615383,
        "support": 40
    },
    "26": {
        "precision": 0.75,
        "recall": 0.07692307692307693,
        "f1-score": 0.13953488372093026,
        "support": 39
    },
    "27": {
        "precision": 0.6774193548387096,
        "recall": 0.525,
        "f1-score": 0.5915492957746479,
        "support": 40
    },
    "28": {
        "precision": 0.8571428571428571,
        "recall": 0.15,
        "f1-score": 0.2553191489361702,
        "support": 40
    },
    "29": {
        "precision": 0.0,
        "recall": 0.0,
        "f1-score": 0.0,
        "support": 40
    },
    "30": {
        "precision": 0.39967506092607635,
        "recall": 0.5406593406593406,
        "f1-score": 0.459598318542737,
        "support": 910
    },
    "31": {
        "precision": 0.625,
        "recall": 0.125,
        "f1-score": 0.20833333333333334,
        "support": 40
    },
    "32": {
        "precision": 0.0,
        "recall": 0.0,
        "f1-score": 0.0,
        "support": 40
    },
    "33": {
        "precision": 0.6296296296296297,
        "recall": 0.425,
        "f1-score": 0.5074626865671642,
        "support": 40
    },
    "34": {
        "precision": 1.0,
        "recall": 0.02564102564102564,
        "f1-score": 0.05,
        "support": 39
    },
    "35": {
        "precision": 0.35714285714285715,
        "recall": 0.125,
        "f1-score": 0.18518518518518517,
        "support": 40
    },
    "36": {
        "precision": 0.75,
        "recall": 0.225,
        "f1-score": 0.3461538461538462,
        "support": 40
    },
    "37": {
        "precision": 0.5238095238095238,
        "recall": 0.55,
        "f1-score": 0.5365853658536585,
        "support": 40
    },
    "38": {
        "precision": 0.9230769230769231,
        "recall": 0.6,
        "f1-score": 0.7272727272727274,
        "support": 40
    },
    "39": {
        "precision": 0.4,
        "recall": 0.05,
        "f1-score": 0.0888888888888889,
        "support": 40
    },
    "40": {
        "precision": 0.4,
        "recall": 0.05128205128205128,
        "f1-score": 0.09090909090909091,
        "support": 39
    },
    "41": {
        "precision": 0.5438829787234043,
        "recall": 0.473928157589803,
        "f1-score": 0.506501547987616,
        "support": 863
    },
    "42": {
        "precision": 1.0,
        "recall": 0.025,
        "f1-score": 0.04878048780487806,
        "support": 40
    },
    "43": {
        "precision": 0.8181818181818182,
        "recall": 0.23076923076923078,
        "f1-score": 0.36000000000000004,
        "support": 39
    },
    "44": {
        "precision": 0.591919191919192,
        "recall": 0.3447058823529412,
        "f1-score": 0.43568773234200747,
        "support": 850
    },
    "45": {
        "precision": 0.3389487870619946,
        "recall": 0.5443722943722944,
        "f1-score": 0.4177740863787376,
        "support": 924
    },
    "46": {
        "precision": 0.3254035683942226,
        "recall": 0.4484777517564403,
        "f1-score": 0.3771541112752338,
        "support": 854
    },
    "47": {
        "precision": 0.7333333333333333,
        "recall": 0.28205128205128205,
        "f1-score": 0.4074074074074074,
        "support": 39
    },
    "48": {
        "precision": 0.6666666666666666,
        "recall": 0.10256410256410256,
        "f1-score": 0.17777777777777778,
        "support": 39
    },
    "49": {
        "precision": 0.625,
        "recall": 0.125,
        "f1-score": 0.20833333333333334,
        "support": 40
    },
    "50": {
        "precision": 0.5,
        "recall": 0.025,
        "f1-score": 0.047619047619047616,
        "support": 40
    },
    "51": {
        "precision": 0.7647058823529411,
        "recall": 0.325,
        "f1-score": 0.456140350877193,
        "support": 40
    },
    "52": {
        "precision": 0.29598562013181545,
        "recall": 0.534054054054054,
        "f1-score": 0.38087895142636846,
        "support": 925
    },
    "53": {
        "precision": 0.4780426599749059,
        "recall": 0.4584837545126354,
        "f1-score": 0.468058968058968,
        "support": 831
    },
    "54": {
        "precision": 0.4926739926739927,
        "recall": 0.32566585956416466,
        "f1-score": 0.39212827988338195,