{
    "0": {
        "precision": 0.49504950495049505,
        "recall": 1.0,
        "f1-score": 0.6622516556291391,
        "support": 50
    },
    "1": {
        "precision": 0.0,
        "recall": 0.0,
        "f1-score": 0.0,
        "support": 22
    },
    "2": {
        "precision": 0.0,
        "recall": 0.0,
        "f1-score": 0.0,
        "support": 7
    },
    "3": {
        "precision": 0.8,
        "recall": 0.25806451612903225,
        "f1-score": 0.3902439024390244,
        "support": 31
    },
    "4": {
        "precision": 0.20634920634920634,
        "recall": 0.975,
        "f1-score": 0.34061135371179035,
        "support": 40
    },
    "5": {
        "precision": 0.3333333333333333,
        "recall": 0.46153846153846156,
        "f1-score": 0.3870967741935484,
        "support": 39
    },
    "6": {
        "precision": 0.9285714285714286,
        "recall": 0.3333333333333333,
        "f1-score": 0.4905660377358491,
        "support": 39
    },
    "7": {
        "precision": 0.7068965517241379,
        "recall": 0.43157894736842106,
        "f1-score": 0.5359477124183006,
        "support": 95
    },
    "8": {
        "precision": 0.21311475409836064,
        "recall": 0.3939393939393939,
        "f1-score": 0.2765957446808511,
        "support": 33
    },
    "9": {
        "precision": 0.3977272727272727,
        "recall": 0.7954545454545454,
        "f1-score": 0.5303030303030303,
        "support": 44
    },
    "10": {
        "precision": 0.0,
        "recall": 0.0,
        "f1-score": 0.0,
        "support": 11
    },
    "11": {
        "precision": 0.7916666666666666,
        "recall": 0.2900763358778626,
        "f1-score": 0.4245810055865922,
        "support": 131
    },
    "12": {
        "precision": 0.0,
        "recall": 0.0,
        "f1-score": 0.0,
        "support": 16
    },
    "13": {
        "precision": 0.0,
        "recall": 0.0,
        "f1-score": 0.0,
        "support": 1
    },
    "14": {
        "precision": 0.08823529411764706,
        "recall": 0.12,
        "f1-score": 0.10169491525423728,
        "support": 25
    },
    "15": {
        "precision": 0.0,
        "recall": 0.0,
        "f1-score": 0.0,
        "support": 7
    },
    "16": {
        "precision": 0.0,
        "recall": 0.0,
        "f1-score": 0.0,
        "support": 25
    },
    "17": {
        "precision": 0.0,
        "recall": 0.0,
        "f1-score": 0.0,
        "support": 11
    },
    "18": {
        "precision": 0.0,
        "recall": 0.0,
        "f1-score": 0.0,
        "support": 15
    },
    "19": {
        "precision": 0.0,
        "recall": 0.0,
        "f1-score": 0.0,
        "support": 13
    },
    "20": {
        "precision": 0.0,
        "recall": 0.0,
        "f1-score": 0.0,
        "support": 9
    },
    "21": {
        "precision": 0.0,
        "recall": 0.0,
        "f1-score": 0.0,
        "support": 10
    },
    "22": {
        "precision": 0.0,
        "recall": 0.0,
        "f1-score": 0.0,
        "support": 8
    },
    "micro avg": {
        "precision": 0.3788546255506608,
        "recall": 0.3782991202346041,
        "f1-score": 0.3785766691122524,
        "support": 682
    },
    "macro avg": {
        "precision": 0.21569321793645863,
        "recall": 0.2199558927670022,
        "f1-score": 0.1799953100848853,
        "support": 682
    },
    "weighted avg": {
        "precision": 0.44666114985497385,
        "recall": 0.3782991202346041,
        "f1-score": 0.343991140427455,
        "support": 682
    }
}