{
    "0": {
        "precision": 0.9845002672367718,
        "recall": 0.9689637033140452,
        "f1-score": 0.9766702014846235,
        "support": 1901
    },
    "1": {
        "precision": 0.28319783197831977,
        "recall": 0.4110127826941986,
        "f1-score": 0.33533894905736056,
        "support": 1017
    },
    "2": {
        "precision": 0.6666666666666666,
        "recall": 0.05,
        "f1-score": 0.09302325581395349,
        "support": 40
    },
    "3": {
        "precision": 0.0,
        "recall": 0.0,
        "f1-score": 0.0,
        "support": 39
    },
    "4": {
        "precision": 0.0,
        "recall": 0.0,
        "f1-score": 0.0,
        "support": 39
    },
    "5": {
        "precision": 0.0,
        "recall": 0.0,
        "f1-score": 0.0,
        "support": 40
    },
    "6": {
        "precision": 0.0,
        "recall": 0.0,
        "f1-score": 0.0,
        "support": 40
    },
    "7": {
        "precision": 0.39823008849557523,
        "recall": 0.39173014145810664,
        "f1-score": 0.3949533735600658,
        "support": 919
    },
    "8": {
        "precision": 0.5932203389830508,
        "recall": 0.35714285714285715,
        "f1-score": 0.4458598726114649,
        "support": 98
    },
    "9": {
        "precision": 0.8443496801705757,
        "recall": 0.8016194331983806,
        "f1-score": 0.8224299065420562,
        "support": 494
    },
    "10": {
        "precision": 0.0,
        "recall": 0.0,
        "f1-score": 0.0,
        "support": 40
    },
    "11": {
        "precision": 0.3916083916083916,
        "recall": 0.13176470588235295,
        "f1-score": 0.1971830985915493,
        "support": 850
    },
    "12": {
        "precision": 0.2681242807825086,
        "recall": 0.5087336244541485,
        "f1-score": 0.35116804822908815,
        "support": 916
    },
    "13": {
        "precision": 0.25996810207336524,
        "recall": 0.18997668997668998,
        "f1-score": 0.21952861952861952,
        "support": 858
    },
    "14": {
        "precision": 0.0,
        "recall": 0.0,
        "f1-score": 0.0,
        "support": 38
    },
    "15": {
        "precision": 0.0,
        "recall": 0.0,
        "f1-score": 0.0,
        "support": 40
    },
    "16": {
        "precision": 0.7,
        "recall": 0.175,
        "f1-score": 0.27999999999999997,
        "support": 40
    },
    "17": {
        "precision": 0.0,
        "recall": 0.0,
        "f1-score": 0.0,
        "support": 40
    },
    "18": {
        "precision": 0.2816265060240964,
        "recall": 0.4043243243243243,
        "f1-score": 0.3320017754105637,
        "support": 925
    },
    "19": {
        "precision": 0.2897297297297297,
        "recall": 0.324455205811138,
        "f1-score": 0.30611079383209594,
        "support": 826
    },
    "20": {
        "precision": 0.3492647058823529,
        "recall": 0.22974607013301088,
        "f1-score": 0.27716994894237784,
        "support": 827
    },
    "21": {
        "precision": 0.3241758241758242,
        "recall": 0.22152690863579474,
        "f1-score": 0.2631970260223048,
        "support": 799
    },
    "22": {
        "precision": 0.9150943396226415,
        "recall": 0.9748743718592965,
        "f1-score": 0.9440389294403894,
        "support": 597
    },
    "accuracy": 0.47203011468090694,
    "macro avg": {
        "precision": 0.32825029362738567,
        "recall": 0.2669943834297541,
        "f1-score": 0.27124668691593534,
        "support": 11423
    },
    "weighted avg": {
        "precision": 0.47719025237376944,
        "recall": 0.47203011468090694,
        "f1-score": 0.4610201328928428,
        "support": 11423
    }
}