{
    "0": {
        "precision": 0.9666490206458443,
        "recall": 0.9640971488912354,
        "f1-score": 0.9653713983610891,
        "support": 1894
    },
    "1": {
        "precision": 0.3555992141453831,
        "recall": 0.35525024533856725,
        "f1-score": 0.3554246440844379,
        "support": 1019
    },
    "2": {
        "precision": 0.8,
        "recall": 0.1,
        "f1-score": 0.1777777777777778,
        "support": 40
    },
    "3": {
        "precision": 1.0,
        "recall": 0.075,
        "f1-score": 0.13953488372093023,
        "support": 40
    },
    "4": {
        "precision": 0.0,
        "recall": 0.0,
        "f1-score": 0.0,
        "support": 40
    },
    "5": {
        "precision": 0.6666666666666666,
        "recall": 0.05128205128205128,
        "f1-score": 0.09523809523809523,
        "support": 39
    },
    "6": {
        "precision": 0.0,
        "recall": 0.0,
        "f1-score": 0.0,
        "support": 37
    },
    "7": {
        "precision": 0.3538306451612903,
        "recall": 0.3815217391304348,
        "f1-score": 0.3671548117154812,
        "support": 920
    },
    "8": {
        "precision": 0.76,
        "recall": 0.19791666666666666,
        "f1-score": 0.3140495867768595,
        "support": 96
    },
    "9": {
        "precision": 0.8353510895883777,
        "recall": 0.6913827655310621,
        "f1-score": 0.7565789473684211,
        "support": 499
    },
    "10": {
        "precision": 0.0,
        "recall": 0.0,
        "f1-score": 0.0,
        "support": 40
    },
    "11": {
        "precision": 0.38738738738738737,
        "recall": 0.20306965761511217,
        "f1-score": 0.2664601084430674,
        "support": 847
    },
    "12": {
        "precision": 0.23824617010036978,
        "recall": 0.4934354485776805,
        "f1-score": 0.3213395083719273,
        "support": 914
    },
    "13": {
        "precision": 0.19829424307036247,
        "recall": 0.10851808634772463,
        "f1-score": 0.14027149321266968,
        "support": 857
    },
    "14": {
        "precision": 0.0,
        "recall": 0.0,
        "f1-score": 0.0,
        "support": 40
    },
    "15": {
        "precision": 0.25,
        "recall": 0.02564102564102564,
        "f1-score": 0.04651162790697674,
        "support": 39
    },
    "16": {
        "precision": 0.0,
        "recall": 0.0,
        "f1-score": 0.0,
        "support": 40
    },
    "17": {
        "precision": 0.0,
        "recall": 0.0,
        "f1-score": 0.0,
        "support": 40
    },
    "18": {
        "precision": 0.31048805815160957,
        "recall": 0.32116004296455425,
        "f1-score": 0.3157338965153115,
        "support": 931
    },
    "19": {
        "precision": 0.34282700421940926,
        "recall": 0.39441747572815533,
        "f1-score": 0.3668171557562076,
        "support": 824
    },
    "20": {
        "precision": 0.34285714285714286,
        "recall": 0.21765417170495768,
        "f1-score": 0.2662721893491124,
        "support": 827
    },
    "21": {
        "precision": 0.23109600679694137,
        "recall": 0.3404255319148936,
        "f1-score": 0.27530364372469635,
        "support": 799
    },
    "22": {
        "precision": 0.8540706605222734,
        "recall": 0.9251247920133111,
        "f1-score": 0.8881789137380192,
        "support": 601
    },
    "accuracy": 0.4605620239866935,
    "macro avg": {
        "precision": 0.3866679699701329,
        "recall": 0.25416942823249705,
        "f1-score": 0.2633921166113513,
        "support": 11423
    },
    "weighted avg": {
        "precision": 0.47142732921596425,
        "recall": 0.4605620239866935,
        "f1-score": 0.45207568008367843,
        "support": 11423
    }
}