{
    "0": {
        "precision": 0.46153846153846156,
        "recall": 0.7058823529411765,
        "f1-score": 0.558139534883721,
        "support": 17
    },
    "1": {
        "precision": 0.18181818181818182,
        "recall": 0.2727272727272727,
        "f1-score": 0.21818181818181817,
        "support": 22
    },
    "2": {
        "precision": 1.0,
        "recall": 0.14285714285714285,
        "f1-score": 0.25,
        "support": 7
    },
    "3": {
        "precision": 1.0,
        "recall": 0.12903225806451613,
        "f1-score": 0.2285714285714286,
        "support": 31
    },
    "4": {
        "precision": 0.2857142857142857,
        "recall": 0.20512820512820512,
        "f1-score": 0.23880597014925373,
        "support": 39
    },
    "5": {
        "precision": 0.40425531914893614,
        "recall": 0.475,
        "f1-score": 0.4367816091954023,
        "support": 40
    },
    "6": {
        "precision": 1.0,
        "recall": 0.15,
        "f1-score": 0.2608695652173913,
        "support": 40
    },
    "7": {
        "precision": 0.7608695652173914,
        "recall": 0.3645833333333333,
        "f1-score": 0.49295774647887325,
        "support": 96
    },
    "8": {
        "precision": 0.3157894736842105,
        "recall": 0.7272727272727273,
        "f1-score": 0.4403669724770643,
        "support": 33
    },
    "9": {
        "precision": 0.2215909090909091,
        "recall": 0.8666666666666667,
        "f1-score": 0.3529411764705882,
        "support": 45
    },
    "10": {
        "precision": 0.0,
        "recall": 0.0,
        "f1-score": 0.0,
        "support": 11
    },
    "11": {
        "precision": 0.8450704225352113,
        "recall": 0.4580152671755725,
        "f1-score": 0.594059405940594,
        "support": 131
    },
    "12": {
        "precision": 0.0,
        "recall": 0.0,
        "f1-score": 0.0,
        "support": 16
    },
    "13": {
        "precision": 0.0,
        "recall": 0.0,
        "f1-score": 0.0,
        "support": 1
    },
    "14": {
        "precision": 0.18,
        "recall": 0.75,
        "f1-score": 0.2903225806451613,
        "support": 24
    },
    "15": {
        "precision": 0.0,
        "recall": 0.0,
        "f1-score": 0.0,
        "support": 7
    },
    "16": {
        "precision": 1.0,
        "recall": 0.14285714285714285,
        "f1-score": 0.25,
        "support": 14
    },
    "17": {
        "precision": 0.0,
        "recall": 0.0,
        "f1-score": 0.0,
        "support": 10
    },
    "18": {
        "precision": 0.0,
        "recall": 0.0,
        "f1-score": 0.0,
        "support": 15
    },
    "19": {
        "precision": 0.45454545454545453,
        "recall": 0.38461538461538464,
        "f1-score": 0.41666666666666663,
        "support": 13
    },
    "20": {
        "precision": 0.0,
        "recall": 0.0,
        "f1-score": 0.0,
        "support": 9
    },
    "21": {
        "precision": 0.0,
        "recall": 0.0,
        "f1-score": 0.0,
        "support": 10
    },
    "22": {
        "precision": 0.0,
        "recall": 0.0,
        "f1-score": 0.0,
        "support": 8
    },
    "micro avg": {
        "precision": 0.3751962323390895,
        "recall": 0.37402190923317685,
        "f1-score": 0.3746081504702195,
        "support": 639
    },
    "macro avg": {
        "precision": 0.3526605249257844,
        "recall": 0.25107120667996263,
        "f1-score": 0.21863758586425924,
        "support": 639
    },
    "weighted avg": {
        "precision": 0.5407334300746658,
        "recall": 0.37402190923317685,
        "f1-score": 0.36273578038549287,
        "support": 639
    }
}