{
    "0": {
        "precision": 0.9907002188183808,
        "recall": 0.955168776371308,
        "f1-score": 0.9726100966702471,
        "support": 1896
    },
    "1": {
        "precision": 0.32280701754385965,
        "recall": 0.26926829268292685,
        "f1-score": 0.2936170212765958,
        "support": 1025
    },
    "2": {
        "precision": 0.0,
        "recall": 0.0,
        "f1-score": 0.0,
        "support": 39
    },
    "3": {
        "precision": 1.0,
        "recall": 0.025,
        "f1-score": 0.04878048780487806,
        "support": 40
    },
    "4": {
        "precision": 0.0,
        "recall": 0.0,
        "f1-score": 0.0,
        "support": 40
    },
    "5": {
        "precision": 0.0,
        "recall": 0.0,
        "f1-score": 0.0,
        "support": 39
    },
    "6": {
        "precision": 0.0,
        "recall": 0.0,
        "f1-score": 0.0,
        "support": 40
    },
    "7": {
        "precision": 0.2445750452079566,
        "recall": 0.5899672846237731,
        "f1-score": 0.3457973793544263,
        "support": 917
    },
    "8": {
        "precision": 0.6,
        "recall": 0.3402061855670103,
        "f1-score": 0.4342105263157895,
        "support": 97
    },
    "9": {
        "precision": 0.8973105134474327,
        "recall": 0.7369477911646586,
        "f1-score": 0.8092613009922822,
        "support": 498
    },
    "10": {
        "precision": 0.0,
        "recall": 0.0,
        "f1-score": 0.0,
        "support": 39
    },
    "11": {
        "precision": 0.4510250569476082,
        "recall": 0.23294117647058823,
        "f1-score": 0.3072148952676494,
        "support": 850
    },
    "12": {
        "precision": 0.24904214559386972,
        "recall": 0.4234527687296417,
        "f1-score": 0.3136308805790108,
        "support": 921
    },
    "13": {
        "precision": 0.2671232876712329,
        "recall": 0.18396226415094338,
        "f1-score": 0.21787709497206706,
        "support": 848
    },
    "14": {
        "precision": 0.0,
        "recall": 0.0,
        "f1-score": 0.0,
        "support": 40
    },
    "15": {
        "precision": 0.0,
        "recall": 0.0,
        "f1-score": 0.0,
        "support": 40
    },
    "16": {
        "precision": 0.5,
        "recall": 0.025,
        "f1-score": 0.047619047619047616,
        "support": 40
    },
    "17": {
        "precision": 0.0,
        "recall": 0.0,
        "f1-score": 0.0,
        "support": 40
    },
    "18": {
        "precision": 0.26580459770114945,
        "recall": 0.4008667388949079,
        "f1-score": 0.31965442764578833,
        "support": 923
    },
    "19": {
        "precision": 0.34574468085106386,
        "recall": 0.15757575757575756,
        "f1-score": 0.21648626144879268,
        "support": 825
    },
    "20": {
        "precision": 0.3588709677419355,
        "recall": 0.21445783132530122,
        "f1-score": 0.26847662141779793,
        "support": 830
    },
    "21": {
        "precision": 0.3194675540765391,
        "recall": 0.23940149625935161,
        "f1-score": 0.2736992159657876,
        "support": 802
    },
    "22": {
        "precision": 0.9324546952224053,
        "recall": 0.9528619528619529,
        "f1-score": 0.9425478767693589,
        "support": 594
    },
    "accuracy": 0.45609734745688524,
    "macro avg": {
        "precision": 0.33673590351406235,
        "recall": 0.24987297029035313,
        "f1-score": 0.2526731797434573,
        "support": 11423
    },
    "weighted avg": {
        "precision": 0.47941621276327046,
        "recall": 0.45609734745688524,
        "f1-score": 0.44836850249923726,
        "support": 11423
    }
}