{
    "0": {
        "precision": 0.17045454545454544,
        "recall": 0.8823529411764706,
        "f1-score": 0.2857142857142857,
        "support": 17
    },
    "1": {
        "precision": 0.0,
        "recall": 0.0,
        "f1-score": 0.0,
        "support": 22
    },
    "2": {
        "precision": 0.0,
        "recall": 0.0,
        "f1-score": 0.0,
        "support": 7
    },
    "3": {
        "precision": 1.0,
        "recall": 0.25806451612903225,
        "f1-score": 0.41025641025641024,
        "support": 31
    },
    "4": {
        "precision": 0.14285714285714285,
        "recall": 0.225,
        "f1-score": 0.17475728155339804,
        "support": 40
    },
    "5": {
        "precision": 0.3333333333333333,
        "recall": 0.025,
        "f1-score": 0.046511627906976744,
        "support": 40
    },
    "6": {
        "precision": 1.0,
        "recall": 0.175,
        "f1-score": 0.2978723404255319,
        "support": 40
    },
    "7": {
        "precision": 0.35260115606936415,
        "recall": 0.6354166666666666,
        "f1-score": 0.45353159851301117,
        "support": 96
    },
    "8": {
        "precision": 0.5714285714285714,
        "recall": 0.25,
        "f1-score": 0.34782608695652173,
        "support": 32
    },
    "9": {
        "precision": 0.24193548387096775,
        "recall": 0.6976744186046512,
        "f1-score": 0.35928143712574856,
        "support": 43
    },
    "10": {
        "precision": 0.0,
        "recall": 0.0,
        "f1-score": 0.0,
        "support": 11
    },
    "11": {
        "precision": 0.6122448979591837,
        "recall": 0.4580152671755725,
        "f1-score": 0.5240174672489083,
        "support": 131
    },
    "12": {
        "precision": 0.0,
        "recall": 0.0,
        "f1-score": 0.0,
        "support": 16
    },
    "13": {
        "precision": 0.0,
        "recall": 0.0,
        "f1-score": 0.0,
        "support": 1
    },
    "14": {
        "precision": 0.03125,
        "recall": 0.04,
        "f1-score": 0.03508771929824561,
        "support": 25
    },
    "15": {
        "precision": 0.0,
        "recall": 0.0,
        "f1-score": 0.0,
        "support": 7
    },
    "16": {
        "precision": 0.0,
        "recall": 0.0,
        "f1-score": 0.0,
        "support": 14
    },
    "17": {
        "precision": 0.0,
        "recall": 0.0,
        "f1-score": 0.0,
        "support": 11
    },
    "18": {
        "precision": 0.0,
        "recall": 0.0,
        "f1-score": 0.0,
        "support": 15
    },
    "19": {
        "precision": 0.29411764705882354,
        "recall": 0.35714285714285715,
        "f1-score": 0.3225806451612903,
        "support": 14
    },
    "20": {
        "precision": 0.0,
        "recall": 0.0,
        "f1-score": 0.0,
        "support": 9
    },
    "21": {
        "precision": 0.0,
        "recall": 0.0,
        "f1-score": 0.0,
        "support": 9
    },
    "22": {
        "precision": 0.0,
        "recall": 0.0,
        "f1-score": 0.0,
        "support": 8
    },
    "micro avg": {
        "precision": 0.32385466034755134,
        "recall": 0.3208137715179969,
        "f1-score": 0.3223270440251572,
        "support": 639
    },
    "macro avg": {
        "precision": 0.20653142513182313,
        "recall": 0.17407246377805435,
        "f1-score": 0.1416276913113186,
        "support": 639
    },
    "weighted avg": {
        "precision": 0.3765054398852078,
        "recall": 0.3208137715179969,
        "f1-score": 0.2856008166371111,
        "support": 639
    }
}