{
    "0": {
        "precision": 0.13934426229508196,
        "recall": 1.0,
        "f1-score": 0.24460431654676257,
        "support": 17
    },
    "1": {
        "precision": 0.0,
        "recall": 0.0,
        "f1-score": 0.0,
        "support": 22
    },
    "2": {
        "precision": 0.0,
        "recall": 0.0,
        "f1-score": 0.0,
        "support": 7
    },
    "3": {
        "precision": 1.0,
        "recall": 0.3225806451612903,
        "f1-score": 0.4878048780487805,
        "support": 31
    },
    "4": {
        "precision": 0.19672131147540983,
        "recall": 0.6153846153846154,
        "f1-score": 0.2981366459627329,
        "support": 39
    },
    "5": {
        "precision": 0.4,
        "recall": 0.1,
        "f1-score": 0.16000000000000003,
        "support": 40
    },
    "6": {
        "precision": 0.8666666666666667,
        "recall": 0.325,
        "f1-score": 0.4727272727272728,
        "support": 40
    },
    "7": {
        "precision": 0.7352941176470589,
        "recall": 0.5263157894736842,
        "f1-score": 0.6134969325153375,
        "support": 95
    },
    "8": {
        "precision": 0.43478260869565216,
        "recall": 0.29411764705882354,
        "f1-score": 0.3508771929824562,
        "support": 34
    },
    "9": {
        "precision": 0.6666666666666666,
        "recall": 0.22727272727272727,
        "f1-score": 0.33898305084745756,
        "support": 44
    },
    "10": {
        "precision": 0.0,
        "recall": 0.0,
        "f1-score": 0.0,
        "support": 11
    },
    "11": {
        "precision": 0.8571428571428571,
        "recall": 0.46511627906976744,
        "f1-score": 0.6030150753768844,
        "support": 129
    },
    "12": {
        "precision": 0.0,
        "recall": 0.0,
        "f1-score": 0.0,
        "support": 16
    },
    "13": {
        "precision": 0.0,
        "recall": 0.0,
        "f1-score": 0.0,
        "support": 1
    },
    "14": {
        "precision": 0.14074074074074075,
        "recall": 0.76,
        "f1-score": 0.23750000000000002,
        "support": 25
    },
    "15": {
        "precision": 0.0,
        "recall": 0.0,
        "f1-score": 0.0,
        "support": 7
    },
    "16": {
        "precision": 0.0,
        "recall": 0.0,
        "f1-score": 0.0,
        "support": 14
    },
    "17": {
        "precision": 0.0,
        "recall": 0.0,
        "f1-score": 0.0,
        "support": 11
    },
    "18": {
        "precision": 0.0,
        "recall": 0.0,
        "f1-score": 0.0,
        "support": 15
    },
    "19": {
        "precision": 0.12903225806451613,
        "recall": 0.2857142857142857,
        "f1-score": 0.17777777777777778,
        "support": 14
    },
    "20": {
        "precision": 0.0,
        "recall": 0.0,
        "f1-score": 0.0,
        "support": 9
    },
    "21": {
        "precision": 0.0,
        "recall": 0.0,
        "f1-score": 0.0,
        "support": 10
    },
    "22": {
        "precision": 0.0,
        "recall": 0.0,
        "f1-score": 0.0,
        "support": 8
    },
    "accuracy": 0.3458528951486698,
    "macro avg": {
        "precision": 0.2420170212780283,
        "recall": 0.21397834735370405,
        "f1-score": 0.173257527947194,
        "support": 639
    },
    "weighted avg": {
        "precision": 0.5032440253232089,
        "recall": 0.3458528951486698,
        "f1-score": 0.3561177867020349,
        "support": 639
    }
}