{
    "0": {
        "precision": 0.17142857142857143,
        "recall": 0.7058823529411765,
        "f1-score": 0.2758620689655173,
        "support": 17
    },
    "1": {
        "precision": 0.5,
        "recall": 0.13636363636363635,
        "f1-score": 0.21428571428571427,
        "support": 22
    },
    "2": {
        "precision": 0.6,
        "recall": 0.42857142857142855,
        "f1-score": 0.5,
        "support": 7
    },
    "3": {
        "precision": 0.5625,
        "recall": 0.2903225806451613,
        "f1-score": 0.3829787234042554,
        "support": 31
    },
    "4": {
        "precision": 0.24390243902439024,
        "recall": 0.75,
        "f1-score": 0.36809815950920244,
        "support": 40
    },
    "5": {
        "precision": 0.7058823529411765,
        "recall": 0.3,
        "f1-score": 0.42105263157894735,
        "support": 40
    },
    "6": {
        "precision": 1.0,
        "recall": 0.02564102564102564,
        "f1-score": 0.05,
        "support": 39
    },
    "7": {
        "precision": 0.9642857142857143,
        "recall": 0.5625,
        "f1-score": 0.7105263157894737,
        "support": 96
    },
    "8": {
        "precision": 0.30985915492957744,
        "recall": 0.6470588235294118,
        "f1-score": 0.41904761904761906,
        "support": 34
    },
    "9": {
        "precision": 0.4731182795698925,
        "recall": 1.0,
        "f1-score": 0.6423357664233577,
        "support": 44
    },
    "10": {
        "precision": 0.0,
        "recall": 0.0,
        "f1-score": 0.0,
        "support": 11
    },
    "11": {
        "precision": 0.8823529411764706,
        "recall": 0.46153846153846156,
        "f1-score": 0.606060606060606,
        "support": 130
    },
    "12": {
        "precision": 1.0,
        "recall": 0.0625,
        "f1-score": 0.11764705882352941,
        "support": 16
    },
    "13": {
        "precision": 0.0,
        "recall": 0.0,
        "f1-score": 0.0,
        "support": 1
    },
    "14": {
        "precision": 0.19718309859154928,
        "recall": 0.56,
        "f1-score": 0.29166666666666663,
        "support": 25
    },
    "15": {
        "precision": 0.0,
        "recall": 0.0,
        "f1-score": 0.0,
        "support": 6
    },
    "16": {
        "precision": 0.0,
        "recall": 0.0,
        "f1-score": 0.0,
        "support": 14
    },
    "17": {
        "precision": 0.0,
        "recall": 0.0,
        "f1-score": 0.0,
        "support": 11
    },
    "18": {
        "precision": 0.0,
        "recall": 0.0,
        "f1-score": 0.0,
        "support": 15
    },
    "19": {
        "precision": 0.2222222222222222,
        "recall": 0.5714285714285714,
        "f1-score": 0.32,
        "support": 14
    },
    "20": {
        "precision": 0.0,
        "recall": 0.0,
        "f1-score": 0.0,
        "support": 8
    },
    "21": {
        "precision": 0.0,
        "recall": 0.0,
        "f1-score": 0.0,
        "support": 10
    },
    "22": {
        "precision": 0.0,
        "recall": 0.0,
        "f1-score": 0.0,
        "support": 8
    },
    "micro avg": {
        "precision": 0.42924528301886794,
        "recall": 0.4272300469483568,
        "f1-score": 0.42823529411764705,
        "support": 639
    },
    "macro avg": {
        "precision": 0.3405536858334593,
        "recall": 0.2826872556808206,
        "f1-score": 0.23128527524151696,
        "support": 639
    },
    "weighted avg": {
        "precision": 0.5871887205975881,
        "recall": 0.4272300469483568,
        "f1-score": 0.4091629584311669,
        "support": 639
    }
}