{
    "0": {
        "precision": 0.35294117647058826,
        "recall": 0.7058823529411765,
        "f1-score": 0.4705882352941177,
        "support": 17
    },
    "1": {
        "precision": 0.32,
        "recall": 0.36363636363636365,
        "f1-score": 0.3404255319148936,
        "support": 22
    },
    "2": {
        "precision": 0.4,
        "recall": 0.2857142857142857,
        "f1-score": 0.3333333333333333,
        "support": 7
    },
    "3": {
        "precision": 0.8666666666666667,
        "recall": 0.41935483870967744,
        "f1-score": 0.5652173913043478,
        "support": 31
    },
    "4": {
        "precision": 0.3787878787878788,
        "recall": 0.625,
        "f1-score": 0.4716981132075471,
        "support": 40
    },
    "5": {
        "precision": 0.3448275862068966,
        "recall": 0.5,
        "f1-score": 0.40816326530612246,
        "support": 40
    },
    "6": {
        "precision": 0.7931034482758621,
        "recall": 0.575,
        "f1-score": 0.6666666666666666,
        "support": 40
    },
    "7": {
        "precision": 0.7014925373134329,
        "recall": 0.5,
        "f1-score": 0.5838509316770186,
        "support": 94
    },
    "8": {
        "precision": 0.4528301886792453,
        "recall": 0.7058823529411765,
        "f1-score": 0.5517241379310345,
        "support": 34
    },
    "9": {
        "precision": 0.5217391304347826,
        "recall": 0.5454545454545454,
        "f1-score": 0.5333333333333332,
        "support": 44
    },
    "10": {
        "precision": 0.0,
        "recall": 0.0,
        "f1-score": 0.0,
        "support": 11
    },
    "11": {
        "precision": 0.7142857142857143,
        "recall": 0.49242424242424243,
        "f1-score": 0.5829596412556054,
        "support": 132
    },
    "12": {
        "precision": 0.0,
        "recall": 0.0,
        "f1-score": 0.0,
        "support": 16
    },
    "13": {
        "precision": 0.0,
        "recall": 0.0,
        "f1-score": 0.0,
        "support": 1
    },
    "14": {
        "precision": 0.17094017094017094,
        "recall": 0.8,
        "f1-score": 0.28169014084507044,
        "support": 25
    },
    "15": {
        "precision": 0.0,
        "recall": 0.0,
        "f1-score": 0.0,
        "support": 7
    },
    "16": {
        "precision": 0.0,
        "recall": 0.0,
        "f1-score": 0.0,
        "support": 14
    },
    "17": {
        "precision": 0.0,
        "recall": 0.0,
        "f1-score": 0.0,
        "support": 9
    },
    "18": {
        "precision": 0.0,
        "recall": 0.0,
        "f1-score": 0.0,
        "support": 15
    },
    "19": {
        "precision": 0.0,
        "recall": 0.0,
        "f1-score": 0.0,
        "support": 14
    },
    "20": {
        "precision": 0.0,
        "recall": 0.0,
        "f1-score": 0.0,
        "support": 8
    },
    "21": {
        "precision": 0.13333333333333333,
        "recall": 0.2,
        "f1-score": 0.16,
        "support": 10
    },
    "22": {
        "precision": 0.0,
        "recall": 0.0,
        "f1-score": 0.0,
        "support": 8
    },
    "micro avg": {
        "precision": 0.4474097331240188,
        "recall": 0.4460093896713615,
        "f1-score": 0.4467084639498433,
        "support": 639
    },
    "macro avg": {
        "precision": 0.26743251440845967,
        "recall": 0.2921021296444117,
        "f1-score": 0.258680466176917,
        "support": 639
    },
    "weighted avg": {
        "precision": 0.48131615297610564,
        "recall": 0.4460093896713615,
        "f1-score": 0.438037178519464,
        "support": 639
    }
}