{
    "0": {
        "precision": 0.0,
        "recall": 0.0,
        "f1-score": 0.0,
        "support": 17
    },
    "1": {
        "precision": 0.16666666666666666,
        "recall": 0.047619047619047616,
        "f1-score": 0.07407407407407407,
        "support": 21
    },
    "2": {
        "precision": 0.0,
        "recall": 0.0,
        "f1-score": 0.0,
        "support": 7
    },
    "3": {
        "precision": 0.6666666666666666,
        "recall": 0.06451612903225806,
        "f1-score": 0.1176470588235294,
        "support": 31
    },
    "4": {
        "precision": 0.20930232558139536,
        "recall": 0.675,
        "f1-score": 0.3195266272189349,
        "support": 40
    },
    "5": {
        "precision": 0.23275862068965517,
        "recall": 0.675,
        "f1-score": 0.34615384615384615,
        "support": 40
    },
    "6": {
        "precision": 0.0,
        "recall": 0.0,
        "f1-score": 0.0,
        "support": 40
    },
    "7": {
        "precision": 0.5714285714285714,
        "recall": 0.5894736842105263,
        "f1-score": 0.5803108808290155,
        "support": 95
    },
    "8": {
        "precision": 0.20512820512820512,
        "recall": 0.24242424242424243,
        "f1-score": 0.2222222222222222,
        "support": 33
    },
    "9": {
        "precision": 0.4533333333333333,
        "recall": 0.7555555555555555,
        "f1-score": 0.5666666666666667,
        "support": 45
    },
    "10": {
        "precision": 0.16666666666666666,
        "recall": 0.09090909090909091,
        "f1-score": 0.11764705882352942,
        "support": 11
    },
    "11": {
        "precision": 1.0,
        "recall": 0.13846153846153847,
        "f1-score": 0.24324324324324326,
        "support": 130
    },
    "12": {
        "precision": 0.0,
        "recall": 0.0,
        "f1-score": 0.0,
        "support": 16
    },
    "13": {
        "precision": 0.0,
        "recall": 0.0,
        "f1-score": 0.0,
        "support": 1
    },
    "14": {
        "precision": 0.18947368421052632,
        "recall": 0.72,
        "f1-score": 0.3,
        "support": 25
    },
    "15": {
        "precision": 0.0,
        "recall": 0.0,
        "f1-score": 0.0,
        "support": 7
    },
    "16": {
        "precision": 0.0,
        "recall": 0.0,
        "f1-score": 0.0,
        "support": 14
    },
    "17": {
        "precision": 0.0,
        "recall": 0.0,
        "f1-score": 0.0,
        "support": 10
    },
    "18": {
        "precision": 0.3,
        "recall": 0.2,
        "f1-score": 0.24,
        "support": 15
    },
    "19": {
        "precision": 0.21875,
        "recall": 0.5,
        "f1-score": 0.30434782608695654,
        "support": 14
    },
    "20": {
        "precision": 0.0,
        "recall": 0.0,
        "f1-score": 0.0,
        "support": 9
    },
    "21": {
        "precision": 0.0,
        "recall": 0.0,
        "f1-score": 0.0,
        "support": 10
    },
    "22": {
        "precision": 0.0,
        "recall": 0.0,
        "f1-score": 0.0,
        "support": 8
    },
    "micro avg": {
        "precision": 0.3166144200626959,
        "recall": 0.3161189358372457,
        "f1-score": 0.3163664839467502,
        "support": 639
    },
    "macro avg": {
        "precision": 0.1904423800161603,
        "recall": 0.2043025777483591,
        "f1-score": 0.149210413223566,
        "support": 639
    },
    "weighted avg": {
        "precision": 0.41852382630837287,
        "recall": 0.3161189358372457,
        "f1-score": 0.26301926316116414,
        "support": 639
    }
}