{
    "0": {
        "precision": 0.3333333333333333,
        "recall": 0.11764705882352941,
        "f1-score": 0.1739130434782609,
        "support": 17
    },
    "1": {
        "precision": 0.02631578947368421,
        "recall": 0.2857142857142857,
        "f1-score": 0.04819277108433735,
        "support": 21
    },
    "2": {
        "precision": 0.0,
        "recall": 0.0,
        "f1-score": 0.0,
        "support": 7
    },
    "3": {
        "precision": 0.0,
        "recall": 0.0,
        "f1-score": 0.0,
        "support": 29
    },
    "4": {
        "precision": 0.0,
        "recall": 0.0,
        "f1-score": 0.0,
        "support": 40
    },
    "5": {
        "precision": 0.0,
        "recall": 0.0,
        "f1-score": 0.0,
        "support": 40
    },
    "6": {
        "precision": 0.0,
        "recall": 0.0,
        "f1-score": 0.0,
        "support": 40
    },
    "7": {
        "precision": 0.0,
        "recall": 0.0,
        "f1-score": 0.0,
        "support": 96
    },
    "8": {
        "precision": 0.1111111111111111,
        "recall": 0.029411764705882353,
        "f1-score": 0.04651162790697674,
        "support": 34
    },
    "9": {
        "precision": 0.0,
        "recall": 0.0,
        "f1-score": 0.0,
        "support": 45
    },
    "10": {
        "precision": 0.0,
        "recall": 0.0,
        "f1-score": 0.0,
        "support": 11
    },
    "11": {
        "precision": 0.18181818181818182,
        "recall": 0.03076923076923077,
        "f1-score": 0.052631578947368425,
        "support": 130
    },
    "12": {
        "precision": 0.0,
        "recall": 0.0,
        "f1-score": 0.0,
        "support": 16
    },
    "13": {
        "precision": 0.0,
        "recall": 0.0,
        "f1-score": 0.0,
        "support": 1
    },
    "14": {
        "precision": 0.0,
        "recall": 0.0,
        "f1-score": 0.0,
        "support": 25
    },
    "15": {
        "precision": 0.0,
        "recall": 0.0,
        "f1-score": 0.0,
        "support": 7
    },
    "16": {
        "precision": 0.038461538461538464,
        "recall": 0.14285714285714285,
        "f1-score": 0.060606060606060615,
        "support": 14
    },
    "17": {
        "precision": 0.0,
        "recall": 0.0,
        "f1-score": 0.0,
        "support": 10
    },
    "18": {
        "precision": 0.0,
        "recall": 0.0,
        "f1-score": 0.0,
        "support": 15
    },
    "19": {
        "precision": 0.0,
        "recall": 0.0,
        "f1-score": 0.0,
        "support": 14
    },
    "20": {
        "precision": 0.0,
        "recall": 0.0,
        "f1-score": 0.0,
        "support": 9
    },
    "21": {
        "precision": 0.0,
        "recall": 0.0,
        "f1-score": 0.0,
        "support": 10
    },
    "22": {
        "precision": 0.0,
        "recall": 0.0,
        "f1-score": 0.0,
        "support": 8
    },
    "accuracy": 0.023474178403755867,
    "macro avg": {
        "precision": 0.03004521539990647,
        "recall": 0.026365194907394397,
        "f1-score": 0.01660239487056539,
        "support": 639
    },
    "weighted avg": {
        "precision": 0.05347715367483096,
        "recall": 0.023474178403755867,
        "f1-score": 0.020720743963038298,
        "support": 639
    }
}