{
    "0": {
        "precision": 0.0,
        "recall": 0.0,
        "f1-score": 0.0,
        "support": 17
    },
    "1": {
        "precision": 0.0,
        "recall": 0.0,
        "f1-score": 0.0,
        "support": 22
    },
    "2": {
        "precision": 0.0,
        "recall": 0.0,
        "f1-score": 0.0,
        "support": 7
    },
    "3": {
        "precision": 0.0,
        "recall": 0.0,
        "f1-score": 0.0,
        "support": 30
    },
    "4": {
        "precision": 0.0,
        "recall": 0.0,
        "f1-score": 0.0,
        "support": 40
    },
    "5": {
        "precision": 0.0,
        "recall": 0.0,
        "f1-score": 0.0,
        "support": 40
    },
    "6": {
        "precision": 0.078125,
        "recall": 0.13157894736842105,
        "f1-score": 0.09803921568627451,
        "support": 38
    },
    "7": {
        "precision": 0.0,
        "recall": 0.0,
        "f1-score": 0.0,
        "support": 95
    },
    "8": {
        "precision": 0.0,
        "recall": 0.0,
        "f1-score": 0.0,
        "support": 34
    },
    "9": {
        "precision": 0.05555555555555555,
        "recall": 0.022222222222222223,
        "f1-score": 0.031746031746031744,
        "support": 45
    },
    "10": {
        "precision": 0.0,
        "recall": 0.0,
        "f1-score": 0.0,
        "support": 11
    },
    "11": {
        "precision": 1.0,
        "recall": 0.015151515151515152,
        "f1-score": 0.02985074626865672,
        "support": 132
    },
    "12": {
        "precision": 0.0,
        "recall": 0.0,
        "f1-score": 0.0,
        "support": 16
    },
    "13": {
        "precision": 0.0,
        "recall": 0.0,
        "f1-score": 0.0,
        "support": 1
    },
    "14": {
        "precision": 0.03888888888888889,
        "recall": 0.56,
        "f1-score": 0.07272727272727274,
        "support": 25
    },
    "15": {
        "precision": 0.0,
        "recall": 0.0,
        "f1-score": 0.0,
        "support": 7
    },
    "16": {
        "precision": 0.0,
        "recall": 0.0,
        "f1-score": 0.0,
        "support": 14
    },
    "17": {
        "precision": 0.0,
        "recall": 0.0,
        "f1-score": 0.0,
        "support": 10
    },
    "18": {
        "precision": 0.0,
        "recall": 0.0,
        "f1-score": 0.0,
        "support": 15
    },
    "19": {
        "precision": 0.0,
        "recall": 0.0,
        "f1-score": 0.0,
        "support": 14
    },
    "20": {
        "precision": 0.0,
        "recall": 0.0,
        "f1-score": 0.0,
        "support": 8
    },
    "21": {
        "precision": 0.0,
        "recall": 0.0,
        "f1-score": 0.0,
        "support": 10
    },
    "22": {
        "precision": 0.0,
        "recall": 0.0,
        "f1-score": 0.0,
        "support": 8
    },
    "accuracy": 0.03442879499217527,
    "macro avg": {
        "precision": 0.05098128019323672,
        "recall": 0.0316935949887895,
        "f1-score": 0.010102750714271119,
        "support": 639
    },
    "weighted avg": {
        "precision": 0.21665253868892367,
        "recall": 0.03442879499217527,
        "f1-score": 0.01707753043864533,
        "support": 639
    }
}