{
    "0": {
        "precision": 0.8461538461538461,
        "recall": 0.6470588235294118,
        "f1-score": 0.7333333333333334,
        "support": 17
    },
    "1": {
        "precision": 0.3076923076923077,
        "recall": 0.18181818181818182,
        "f1-score": 0.2285714285714286,
        "support": 22
    },
    "2": {
        "precision": 0.3333333333333333,
        "recall": 0.5714285714285714,
        "f1-score": 0.4210526315789474,
        "support": 7
    },
    "3": {
        "precision": 0.7272727272727273,
        "recall": 0.5161290322580645,
        "f1-score": 0.6037735849056604,
        "support": 31
    },
    "4": {
        "precision": 0.2248062015503876,
        "recall": 0.7435897435897436,
        "f1-score": 0.3452380952380953,
        "support": 39
    },
    "5": {
        "precision": 0.23529411764705882,
        "recall": 0.1,
        "f1-score": 0.14035087719298245,
        "support": 40
    },
    "6": {
        "precision": 1.0,
        "recall": 0.28205128205128205,
        "f1-score": 0.44000000000000006,
        "support": 39
    },
    "7": {
        "precision": 0.7228915662650602,
        "recall": 0.625,
        "f1-score": 0.6703910614525139,
        "support": 96
    },
    "8": {
        "precision": 0.19444444444444445,
        "recall": 0.8484848484848485,
        "f1-score": 0.3163841807909604,
        "support": 33
    },
    "9": {
        "precision": 0.7105263157894737,
        "recall": 0.6,
        "f1-score": 0.6506024096385543,
        "support": 45
    },
    "10": {
        "precision": 0.0,
        "recall": 0.0,
        "f1-score": 0.0,
        "support": 11
    },
    "11": {
        "precision": 0.7674418604651163,
        "recall": 0.25384615384615383,
        "f1-score": 0.3815028901734104,
        "support": 130
    },
    "12": {
        "precision": 0.0,
        "recall": 0.0,
        "f1-score": 0.0,
        "support": 15
    },
    "13": {
        "precision": 0.0,
        "recall": 0.0,
        "f1-score": 0.0,
        "support": 1
    },
    "14": {
        "precision": 0.16842105263157894,
        "recall": 0.64,
        "f1-score": 0.26666666666666666,
        "support": 25
    },
    "15": {
        "precision": 0.0,
        "recall": 0.0,
        "f1-score": 0.0,
        "support": 7
    },
    "16": {
        "precision": 0.0,
        "recall": 0.0,
        "f1-score": 0.0,
        "support": 14
    },
    "17": {
        "precision": 0.0,
        "recall": 0.0,
        "f1-score": 0.0,
        "support": 11
    },
    "18": {
        "precision": 0.0,
        "recall": 0.0,
        "f1-score": 0.0,
        "support": 15
    },
    "19": {
        "precision": 0.5,
        "recall": 0.14285714285714285,
        "f1-score": 0.22222222222222224,
        "support": 14
    },
    "20": {
        "precision": 0.0,
        "recall": 0.0,
        "f1-score": 0.0,
        "support": 9
    },
    "21": {
        "precision": 0.0,
        "recall": 0.0,
        "f1-score": 0.0,
        "support": 10
    },
    "22": {
        "precision": 0.0,
        "recall": 0.0,
        "f1-score": 0.0,
        "support": 8
    },
    "micro avg": {
        "precision": 0.3864353312302839,
        "recall": 0.38341158059467917,
        "f1-score": 0.3849175176747839,
        "support": 639
    },
    "macro avg": {
        "precision": 0.2929685988367537,
        "recall": 0.2674897295592783,
        "f1-score": 0.2356560600767294,
        "support": 639
    },
    "weighted avg": {
        "precision": 0.503877543057707,
        "recall": 0.38341158059467917,
        "f1-score": 0.37378151838806,
        "support": 639
    }
}